{
  "case_id": "VisibleHuman_Head",
  "foam_dir": "C:\\Users\\houck\\Documents\\Sinus_CFD\\foam\\VisibleHuman_Head",
  "units": "SI_metres",
  "q_left_m3_s": 0.00015000000000000001,
  "q_right_m3_s": 0.00015000000000000001,
  "q_total_m3_s": 0.00030000000000000003,
  "bounds_m": {
    "min": [
      0.2095,
      0.1585,
      1.5215
    ],
    "max": [
      0.2935,
      0.2435,
      1.6385
    ]
  },
  "locationInMesh_m": [
    0.25262334999820163,
    0.1889929863683775,
    1.6009198287954536
  ],
  "stl_scaled_from_mm": true
}